{
    "2":{
        "Cluster":2,
        "Cluster size":3925,
        "Mean TURNOVERTAXREPORT_ACTIVITY_PERCENT":0.0,
        "Mean VATREPORT_ACTIVITY_PERCENT":0.0,
        "Mean PROFITTAXREPORT_ACTIVITY_PERCENT":0.0,
        "Mean level1_A41":176.5149384531,
        "Mean level1_A85":14.6528062043,
        "Mean level1_A84":-161.8198312461,
        "Mean level1_A50":-12.5265563046,
        "Mean level1_7a":88872702.597216025,
        "Mean level1_var1":0.2242198366,
        "Mean level1_var2":0.0363229825,
        "Mean level1_var3":0.0376443341,
        "Mean level1_var4":0.0199284737,
        "Mean level1_var5":0.0577567215,
        "Mean level1_var6":4827.0760016303,
        "Mean level1_var7":51.4426631426,
        "Mean level1_var8":0.6245698815,
        "Mean level1_var9":0.0003040058,
        "Mean level1_AVG_N_EMPLOYEES":20.177804119,
        "Mean level1_AUDIT_ANY":0.1794178575,
        "Mean level1_FRAUD_ANY":0.3854862137,
        "Mean EMPLOYEE_CHANGE":1.8634459648,
        "Mean PERCENT_CHANGE":0.4657068894,
        "Mean ROLLING_MEAN_EMP":67.8381049761,
        "Mean ROLLING_STD_EMP":12.4879677331,
        "Mean MOMENTUM":-1.6253860408,
        "Mean Yearly_Average":41.4334022535,
        "Mean Yearly_StdDev":4.6125571042,
        "Mean Yearly_Median":41.7046463064,
        "Mean 2402.0":null,
        "Mean 2710.0":null,
        "Mean var1":0.8512990575,
        "Mean var1_std":0.0636567829,
        "Mean var2":0.0831043799,
        "Mean var2_std":0.02694954,
        "Mean var3":0.0362692576,
        "Mean var3_std":0.0284735857,
        "Mean var4":0.0293273049,
        "Mean var4_std":0.015831372,
        "Mean var5":0.0659863263,
        "Mean var5_std":0.0411191969,
        "Mean var6":1166.9239830692,
        "Mean var6_std":2336.7383803552,
        "Mean var7":126.2566941542,
        "Mean var7_std":268.8001018956,
        "Mean var8":15.3787288602,
        "Mean var8_std":43.0822652508,
        "Mean var9":0.0021321813,
        "Mean var9_std":0.0097027498,
        "Mean supplier_COUNT_mean":454.635145712,
        "Mean supplier_COUNT_std":70.1449415852,
        "Mean buyer_COUNT_mean":null,
        "Mean buyer_COUNT_std":null,
        "Mean OIN_COUNT":7.4435533621,
        "Mean CRN_COUNT":24.3633559531,
        "Mean A41":868.8857395243,
        "Mean v18b":93270012.2061146498,
        "Mean v17a":45244930.9961783439,
        "Mean v17a_mean":3809177.293558368,
        "Mean v7a":655237423.7857325077,
        "Mean v7a_mean":56881788.7711375803,
        "Mean Years_in_business":15.2876433121,
        "Mean import_ratio":0.0613135475,
        "Mode Level1":{
            "0":"G"
        },
        "Mode region code":{
            "0":0.0
        },
        "Top 3 ADG codes":[
            "2402",
            "2710"
        ]
    },
    "0":{
        "Cluster":0,
        "Cluster size":2002,
        "Mean TURNOVERTAXREPORT_ACTIVITY_PERCENT":0.0,
        "Mean VATREPORT_ACTIVITY_PERCENT":0.0,
        "Mean PROFITTAXREPORT_ACTIVITY_PERCENT":0.0,
        "Mean level1_A41":145.9411715921,
        "Mean level1_A85":10.1027120503,
        "Mean level1_A84":-135.8054120252,
        "Mean level1_A50":-8.2621525759,
        "Mean level1_7a":54951589.5058183149,
        "Mean level1_var1":0.1219663313,
        "Mean level1_var2":0.0582733132,
        "Mean level1_var3":0.0230053494,
        "Mean level1_var4":0.0234559546,
        "Mean level1_var5":0.0468003981,
        "Mean level1_var6":1907.5634065698,
        "Mean level1_var7":48.8132123529,
        "Mean level1_var8":0.751450762,
        "Mean level1_var9":0.0006476094,
        "Mean level1_AVG_N_EMPLOYEES":13.5064418805,
        "Mean level1_AUDIT_ANY":0.2473820115,
        "Mean level1_FRAUD_ANY":0.5153052389,
        "Mean EMPLOYEE_CHANGE":9.6124082722,
        "Mean PERCENT_CHANGE":0.8762026607,
        "Mean ROLLING_MEAN_EMP":90.6004050926,
        "Mean ROLLING_STD_EMP":17.2393809541,
        "Mean MOMENTUM":2.9683995923,
        "Mean Yearly_Average":37.5838861398,
        "Mean Yearly_StdDev":3.8393810909,
        "Mean Yearly_Median":37.3659247483,
        "Mean 2402.0":null,
        "Mean 2710.0":null,
        "Mean var1":0.2270023231,
        "Mean var1_std":0.1328219345,
        "Mean var2":0.2104648423,
        "Mean var2_std":0.0377461253,
        "Mean var3":0.3762324778,
        "Mean var3_std":0.1148865012,
        "Mean var4":0.1418448123,
        "Mean var4_std":0.0377035601,
        "Mean var5":0.5192172311,
        "Mean var5_std":0.1156639695,
        "Mean var6":1012.6421098161,
        "Mean var6_std":2167.5708055271,
        "Mean var7":87.5429850688,
        "Mean var7_std":159.9680928868,
        "Mean var8":0.6099052997,
        "Mean var8_std":2.0498895804,
        "Mean var9":0.0012283904,
        "Mean var9_std":0.0075954198,
        "Mean supplier_COUNT_mean":35.3260400085,
        "Mean supplier_COUNT_std":11.932251973,
        "Mean buyer_COUNT_mean":null,
        "Mean buyer_COUNT_std":null,
        "Mean OIN_COUNT":6.9928825623,
        "Mean CRN_COUNT":19.8956109134,
        "Mean A41":2643.6575098247,
        "Mean v18b":54407722.6823176816,
        "Mean v17a":1480697991.5119879246,
        "Mean v17a_mean":171375567.4908992648,
        "Mean v7a":89908572.7987013012,
        "Mean v7a_mean":7630432.7013609763,
        "Mean Years_in_business":6.7307692308,
        "Mean import_ratio":230.0556073349,
        "Mode Level1":{
            "0":"G"
        },
        "Mode region code":{
            "0":0.0
        },
        "Top 3 ADG codes":[
            "2402",
            "2710"
        ]
    },
    "1":{
        "Cluster":1,
        "Cluster size":13844,
        "Mean TURNOVERTAXREPORT_ACTIVITY_PERCENT":0.0,
        "Mean VATREPORT_ACTIVITY_PERCENT":0.0,
        "Mean PROFITTAXREPORT_ACTIVITY_PERCENT":0.0,
        "Mean level1_A41":279.3852147596,
        "Mean level1_A85":17.2781297146,
        "Mean level1_A84":-262.0483694963,
        "Mean level1_A50":-19.6676594927,
        "Mean level1_7a":126489930.7245707512,
        "Mean level1_var1":0.2165711387,
        "Mean level1_var2":0.0379609947,
        "Mean level1_var3":0.0623330272,
        "Mean level1_var4":0.0285273782,
        "Mean level1_var5":0.0910578148,
        "Mean level1_var6":4783.3867119217,
        "Mean level1_var7":45.737113314,
        "Mean level1_var8":0.5133476008,
        "Mean level1_var9":0.0003333437,
        "Mean level1_AVG_N_EMPLOYEES":22.0258628687,
        "Mean level1_AUDIT_ANY":0.1871989627,
        "Mean level1_FRAUD_ANY":0.3652115739,
        "Mean EMPLOYEE_CHANGE":-0.133621684,
        "Mean PERCENT_CHANGE":0.3018450642,
        "Mean ROLLING_MEAN_EMP":12.8465644229,
        "Mean ROLLING_STD_EMP":3.897493322,
        "Mean MOMENTUM":-1.266521197,
        "Mean Yearly_Average":5.7474758209,
        "Mean Yearly_StdDev":1.0379415346,
        "Mean Yearly_Median":5.778382926,
        "Mean 2402.0":null,
        "Mean 2710.0":null,
        "Mean var1":0.3984198073,
        "Mean var1_std":0.0430982325,
        "Mean var2":0.1168567701,
        "Mean var2_std":0.0190276346,
        "Mean var3":0.2078244576,
        "Mean var3_std":0.0256994477,
        "Mean var4":0.0591150875,
        "Mean var4_std":0.0115413683,
        "Mean var5":0.2674242919,
        "Mean var5_std":0.0300655032,
        "Mean var6":215.9733135331,
        "Mean var6_std":268.4086363713,
        "Mean var7":56.9380667283,
        "Mean var7_std":83.6379364638,
        "Mean var8":1.6950651963,
        "Mean var8_std":4.1396848958,
        "Mean var9":0.6653013907,
        "Mean var9_std":0.9669038919,
        "Mean supplier_COUNT_mean":17.8954328219,
        "Mean supplier_COUNT_std":7.2116781847,
        "Mean buyer_COUNT_mean":null,
        "Mean buyer_COUNT_std":null,
        "Mean OIN_COUNT":2.9857105054,
        "Mean CRN_COUNT":4.7790420746,
        "Mean A41":114.4874607491,
        "Mean v18b":4406289.2795434846,
        "Mean v17a":3398057.3596503902,